<module name="logging" class="com.learning.ws.axis2.LogModule">
   <InFlow>
        <handler name="InFlowLogHandler" class="com.learning.ws.axis2.LogHandler">
            <order phase="loggingPhase" />
        </handler>
   </InFlow>

   <OutFlow>
        <handler name="OutFlowLogHandler" class="com.learning.ws.axis2.LogHandler">
            <order phase="loggingPhase"/>
        </handler>
   </OutFlow>

   <OutFaultFlow>
        <handler name="FaultOutFlowLogHandler" class="com.learning.ws.axis2.LogHandler">
            <order phase="loggingPhase"/>
        </handler>
   </OutFaultFlow>

   <InFaultFlow>
        <handler name="FaultInFlowLogHandler" class="com.learning.ws.axis2.LogHandler">
            <order phase="loggingPhase"/>
        </handler>
   </InFaultFlow>
</module>