<?xml version="1.0" encoding="UTF-8"?>
<beans xmlns="http://www.springframework.org/schema/beans"
       xmlns:xsi="http://www.w3.org/2001/XMLSchema-instance"
       xmlns:jaxws="http://cxf.apache.org/jaxws"
       xmlns:jaxrs="http://cxf.apache.org/jaxrs"
       xmlns:cxf="http://cxf.apache.org/core"
       xsi:schemaLocation="http://www.springframework.org/schema/beans
 					http://www.springframework.org/schema/beans/spring-beans.xsd
 					http://cxf.apache.org/jaxws
 					http://cxf.apache.org/schemas/jaxws.xsd
 					http://cxf.apache.org/jaxrs
                    http://cxf.apache.org/schemas/jaxrs.xsd
                    http://cxf.apache.org/core
                    http://cxf.apache.org/schemas/core.xsd ">

    <!-- Loads CXF modules from cxf.jar file -->
    <import resource="classpath:META-INF/cxf/cxf.xml"/>
    <import resource="classpath:META-INF/cxf/cxf-extension-soap.xml"/>
    <import resource="classpath:META-INF/cxf/cxf-servlet.xml"/>
    <import resource="classpath:META-INF/cxf/cxf-extension-jaxrs-binding.xml"/>

    <jaxrs:server id="restGradeService" address="/">
        <jaxrs:serviceBeans>
            <ref bean="gradeManagerImpl"/>
        </jaxrs:serviceBeans>

        <jaxrs:features>
            <cxf:logging/>
        </jaxrs:features>
    </jaxrs:server>

    <jaxws:endpoint id="jaxwsGradeService"
                    implementor="#gradeManagerImpl"
                    address="/jaxwsGradeService"/>

    <bean id="gradeManagerImpl" class="com.learning.ws.jaxws.composite.GradeManagerImpl"/>

</beans>