<?xml version="1.0" encoding="UTF-8"?>
<beans xmlns="http://www.springframework.org/schema/beans"
       xmlns:xsi="http://www.w3.org/2001/XMLSchema-instance"
       xmlns:context="http://www.springframework.org/schema/context"
       xmlns:sws="http://www.springframework.org/schema/web-services"
       xsi:schemaLocation="http://www.springframework.org/schema/beans
       http://www.springframework.org/schema/beans/spring-beans-3.0.xsd
       http://www.springframework.org/schema/web-services
       http://www.springframework.org/schema/web-services/web-services-2.0.xsd
       http://www.springframework.org/schema/context
       http://www.springframework.org/schema/context/spring-context-3.0.xsd">

    <context:annotation-config/>
    <context:component-scan base-package="com.learning.springws"/>
    <sws:annotation-driven/>

    <bean id="messageFactory" class="org.springframework.ws.soap.saaj.SaajSoapMessageFactory"/>

    <bean id="messageSender" class="org.springframework.ws.transport.http.CommonsHttpMessageSender"/>

    <!--<bean id="messageSender" class="org.springframework.ws.transport.http.HttpUrlConnectionMessageSender"/>-->
    <!--<bean id="employeeServiceMarshaller" class="org.springframework.oxm.xstream.XStreamMarshaller"/>-->

    <bean id="webServiceTemplate" class="org.springframework.ws.client.core.WebServiceTemplate">
        <constructor-arg ref="messageFactory"/>
        <property name="defaultUri" value="http://localhost:8080/springws/services/employeeService/"/>
        <property name="messageSender" ref="messageSender"/>
        <property name="interceptors" ref="logMessages"/>
        <!--<property name="marshaller" ref="employeeServiceMarshaller"></property>-->
        <!--<property name="unmarshaller" ref="employeeServiceMarshaller"></property>-->
    </bean>

    <bean id="logMessages" class="com.learning.springws.ClientLogMessageHandler"/>

</beans>
