<?xml version="1.0" encoding="UTF-8"?>
<beans xmlns="http://www.springframework.org/schema/beans"
       xmlns:xsi="http://www.w3.org/2001/XMLSchema-instance"
       xsi:schemaLocation="http://www.springframework.org/schema/beans
       http://www.springframework.org/schema/beans/spring-beans-2.0.xsd">

    <bean class="com.learning.springws.EmployeeEndPoint"/>

    <bean class="org.springframework.ws.server.endpoint.mapping.PayloadRootAnnotationMethodEndpointMapping"/>

    <bean class="org.springframework.ws.server.endpoint.adapter.GenericMarshallingMethodEndpointAdapter">
        <constructor-arg ref="marshaller"/>
    </bean>

    <bean id="marshaller" class="org.springframework.oxm.jaxb.Jaxb2Marshaller">
        <!--<property name="contextPath" value="org.springframework.ws.samples.mtom.schema"/>-->
        <property name="classesToBeBound">
            <list>
                <value>com.learning.springws.Employee</value>
            </list>
        </property>
        <property name="mtomEnabled" value="true"/>
    </bean>

    <bean id="employee" class="org.springframework.ws.wsdl.wsdl11.DefaultWsdl11Definition">
        <property name="schema" ref="schema"/>
        <property name="portTypeName" value="EmployeePortType"/>
        <property name="locationUri" value="/services/employeeService/"/>
    </bean>

    <bean id="schema" class="org.springframework.xml.xsd.SimpleXsdSchema">
        <property name="xsd" value="/WEB-INF/employee.xsd"/>
    </bean>

    <bean id="loggingInterceptor"
          class="org.springframework.ws.server.endpoint.interceptor.PayloadLoggingInterceptor"/>


</beans>